No,페이지제목,페이지URL,조회수,조회율
1,엠에프팜 | 킹댕즈,/Goods/Detail/SMF28555734,5734,15.07
2,엠에프팜 | 주문/결제,/Order/DirectOrder,4324,11.36
3,엠에프팜 | 결제완료,/Order/OrderEnd,2330,6.12
4,엠에프팜,/Mypage/Guest_Info_Form,2267,5.95
5,엠에프팜 | 주문목록 / 배송조회,/Mypage/My_Order,2144,5.63
6,엠에프팜,/,1624,4.26
7,엠에프팜 | 든든곳간,/Goods/Detail/SMF13606317,537,1.41
8,엠에프팜 | 농산물,/Goods/List,419,1.1
9,엠에프팜 | 든든곳간,/Goods/Detail/SMF79565974,363,0.95
10,엠에프팜 | 주문상세,/Mypage/My_Order_Detail,351,0.92
11,엠에프팜 | 주문완료,/Order/OrderEnd,345,0.9
12,엠에프팜 | 해아림농장,/Goods/Detail/SMF14158451,342,0.89
13,엠에프팜 | 제주귤냥냥,/Goods/Detail/SMF14158451,301,0.79
14,엠에프팜 | 01030040315,/Goods/Detail/SMF14158451,282,0.74
15,엠에프팜 | 건강365일,/Goods/Detail/SMF14158451,249,0.65
16,엠에프팜 | 전체보기,/Goods/List,244,0.64
17,엠에프팜 | 건강365일,/Goods/Detail/SMF78619818,234,0.61
18,엠에프팜 | 제주농장,/Goods/Detail/SMF34633170,230,0.6
19,엠에프팜 | Jejufarmers,/Goods/Detail/SMF14158451,203,0.53
20,엠에프팜 | 든든곳간,/Goods/Detail/SMF14158451,184,0.48
21,엠에프팜 | 든든곳간,/Goods/Detail/SMF34633170,182,0.47
22,엠에프팜 | 아론,/Goods/Detail/SMF14158451,179,0.47
23,엠에프팜 | 윤현후맘,/Goods/Detail/SMF14158451,169,0.44
24,엠에프팜 | 아론,/Goods/Detail/SMF78619818,150,0.39
25,엠에프팜,/Mypage/LoginSelect,149,0.39
26,엠에프팜 | 킹댕즈,/goods/detail/SMF28555734,135,0.35
27,엠에프팜 | 해피드림팜,/Goods/Detail/SMF14158451,134,0.35
28,엠에프팜 | 제주농장,/Goods/Detail/SMF78619818,127,0.33
29,엠에프팜 | 건강365일,/Goods/Detail/SMF34633170,124,0.32
30,엠에프팜 | 윤현후맘,/Goods/Detail/SMF34633170,124,0.32
31,엠에프팜 | 베스트상품,/Goods/List,114,0.29
32,엠에프팜 | 해아림농장,/Goods/Detail/SMF79565974,113,0.29
33,엠에프팜 | 제주농장,/Goods/Detail/SMF14158451,110,0.28
34,엠에프팜 | 인디자인25,/Goods/Detail/SMF34633170,105,0.27
35,엠에프팜 | 달달꼬니네,/Goods/Detail/SMF34633170,101,0.26
36,엠에프팜 | 해아림농장,/Goods/Detail/SMF34633170,98,0.25
37,엠에프팜 | mfff,/Goods/Detail/SMF14158451,96,0.25
38,엠에프팜 | 귤향가득,/Goods/Detail/SMF14158451,94,0.24
39,엠에프팜 | 방울이네,/Goods/Detail/SMF34633170,90,0.23
40,엠에프팜 | 제주농장,/Goods/Detail/SMF26601701,87,0.22
41,엠에프팜 | 제주탐라마켓,/Goods/Detail/SMF14158451,87,0.22
42,엠에프팜 | 다팜,/Goods/Detail/SMF14158451,83,0.21
43,엠에프팜 | 제주농장,/Goods/Detail/SMF13606317,82,0.21
44,엠에프팜 | 01030040315,/Goods/Detail/SMF78619818,80,0.21
45,엠에프팜 | 마이페이지,/Mypage/Mobile_My_Index,80,0.21
46,엠에프팜 | 걍쮸,/Goods/Detail/SMF14158451,75,0.19
47,엠에프팜 | 쮸니농장,/Goods/Detail/SMF14158451,73,0.19
48,엠에프팜 | 해아림농장,/Goods/Detail/SMF13606317,72,0.18
49,엠에프팜 | 영찬 팜유,/Goods/Detail/SMF34633170,69,0.18
50,엠에프팜 | 제주농산물직거래장터,/Goods/Detail/SMF78619818,69,0.18
51,엠에프팜 | 01030040315,/Goods/Detail/SMF34633170,66,0.17
52,엠에프팜 | 써니농장,/Goods/Detail/SMF34633170,66,0.17
53,엠에프팜 | 정은영,/Goods/Detail/SMF24484057,66,0.17
54,엠에프팜 | 해아림농장,/Goods/Detail/SMF78619818,65,0.17
55,엠에프팜 | 인디자인25,/Goods/Detail/SMF87201852,64,0.16
56,엠에프팜 | 장바구니,/Order/Basket,64,0.16
57,엠에프팜 | 우남매네 햇살농장,/Goods/Detail/SMF78619818,63,0.16
58,엠에프팜 | 해아림농장,/Goods/Detail/SMF35431331,63,0.16
59,엠에프팜 | 귤향가득,/Goods/Detail/SMF78619818,62,0.16
60,엠에프팜 | 01030040315,/Goods/Detail/SMF13606317,60,0.15
61,엠에프팜 | 윤현후맘,/Goods/Detail/SMF78619818,60,0.15
62,엠에프팜 | 갈랩,/Goods/Detail/SMF78619818,59,0.15
63,엠에프팜 | 비비드,/Goods/Detail/SMF35431331,59,0.15
64,엠에프팜 | 축산물,/Goods/List,59,0.15
65,엠에프팜 | 써니농장,/Goods/Detail/SMF14158451,58,0.15
66,엠에프팜 | 영자네 제주청과,/Goods/Detail/SMF13606317,57,0.14
67,엠에프팜 | 걍쮸,/Goods/Detail/SMF34633170,56,0.14
68,엠에프팜 | 다팜,/Goods/Detail/SMF34633170,54,0.14
69,엠에프팜 | 수산물,/Goods/List,54,0.14
70,엠에프팜 | 제주농장,/Goods/Detail/SMF79565974,54,0.14
71,엠에프팜 | 아론,/Goods/Detail/SMF34633170,53,0.13
72,엠에프팜 | 01096775056,/Goods/Detail/SMF14158451,52,0.13
73,엠에프팜 | 귤심양면 제주스토어,/Goods/Detail/SMF14158451,52,0.13
74,엠에프팜 | 제주&보란,/Goods/Detail/SMF14158451,52,0.13
75,엠에프팜 | 제주천사,/Goods/Detail/SMF35431331,51,0.13
76,엠에프팜 | 미라이네집 과일,/Goods/Detail/SMF78619818,50,0.13
77,엠에프팜 | 민수산,/Goods/Detail/SMF78619818,50,0.13
78,엠에프팜 | 제철직송몰,/Goods/Detail/SMF14158451,50,0.13
79,엠에프팜 | 걍쮸,/Goods/Detail/SMF78619818,49,0.12
80,엠에프팜 | 규원이네,/Goods/Detail/SMF34633170,49,0.12
81,엠에프팜 | 방울이네,/Goods/Detail/SMF14158451,49,0.12
82,엠에프팜 | 제주탐라마켓,/Goods/Detail/SMF34633170,48,0.12
83,엠에프팜 | 달달꼬니네,/Goods/Detail/SMF14158451,47,0.12
84,엠에프팜 | 미라이네집 과일,/Goods/Detail/SMF34633170,46,0.12
85,엠에프팜 | 주문/결제 실패,/Order/OrderEnd,46,0.12
86,엠에프팜 | 해아림농장,/Goods/Detail/SMF26601701,46,0.12
87,[킹댕즈 보장!]초고당도 타이벡 감귤 2025년 첫수확,/Goods/Detail/SMF28555734,45,0.11
88,엠에프팜 | 달달꼬니네,/Goods/Detail/SMF78619818,45,0.11
89,엠에프팜 | 미라이네집 과일,/Goods/Detail/SMF14158451,45,0.11
90,엠에프팜 | 방울이네,/Goods/Detail/SMF78619818,45,0.11
91,엠에프팜 | 한율,/Goods/Detail/SMF34633170,45,0.11
92,엠에프팜 | 송매니저 단독 공동구매로 제철과일 겟!!,/Goods/Detail/SMF78619818,44,0.11
93,엠에프팜 | 제주&보란,/Goods/Detail/SMF78619818,44,0.11
94,엠에프팜 | 방울이네,/Goods/Detail/SMF26601701,43,0.11
95,엠에프팜 | 하나가치,/Goods/Detail/SMF26601701,43,0.11
96,과즙폭발 꿀당도 보장 감귤 [유라실생],/Goods/Detail/SMF28240458,42,0.11
97,엠에프팜 | 제주&보란,/Goods/Detail/SMF34633170,42,0.11
98,엠에프팜 | 제주농장,/Goods/Detail/SMF37504939,42,0.11
99,엠에프팜 | 한라봉선생,/Goods/Detail/SMF14158451,42,0.11
100,"2025 첫수확 노지감귤 가정용 3kg, 5kg",/Goods/Detail/SMF87846210,41,0.1
101,엠에프팜 | 제주 가족 농장,/Goods/Detail/SMF35431331,41,0.1
102,엠에프팜 | 제주 지수네 명품귤,/Goods/Detail/SMF14158451,41,0.1
103,엠에프팜 | 웃음담은자연,/Goods/Detail/SMF35431331,39,0.1
104,엠에프팜 | 제주농산,/Goods/Detail/SMF78619818,39,0.1
105,"해남 꿀밤고구마, 베니하루카 품종 포슬포슬",/Goods/Detail/SMF88753441,39,0.1
106,엠에프팜 | KIM매니저,/Goods/Detail/SMF14158451,38,0.09
107,엠에프팜 | 다팜,/Goods/Detail/SMF26601701,38,0.09
108,엠에프팜 | 홍숙마켓,/Goods/Detail/SMF14158451,38,0.09
109,엠에프팜 | Jejufarmers,/Goods/Detail/SMF78619818,37,0.09
110,엠에프팜 | jejufarm,/Goods/Detail/SMF14158451,37,0.09
111,엠에프팜 | 귤향가득,/Goods/Detail/SMF79565974,37,0.09
112,엠에프팜 | 영자네 제주청과,/Goods/Detail/SMF14158451,37,0.09
113,엠에프팜 | 우리가족농산물,/Goods/Detail/SMF43939661,37,0.09
114,엠에프팜 | 햇살담은 제주,/Goods/Detail/SMF78619818,37,0.09
115,엠에프팜 | 또준이네,/Goods/Detail/SMF14158451,36,0.09
116,엠에프팜 | 제주귤냥냥,/Goods/Detail/SMF79565974,36,0.09
117,엠에프팜 | 하나가치,/Goods/Detail/SMF14158451,36,0.09
118,엠에프팜 | 제주 지수네 명품귤,/Goods/Detail/SMF34633170,35,0.09
119,엠에프팜 | 제주&보란,/Goods/Detail/SMF26601701,35,0.09
120,엠에프팜 | 제주탐라마켓,/Goods/Detail/SMF78619818,35,0.09
121,엠에프팜 | 해피드림팜,/Goods/Detail/SMF26601701,35,0.09
122,엠에프팜 | 귤심양면 제주스토어,/Goods/Detail/SMF56651816,34,0.08
123,엠에프팜 | 귤심양면 제주스토어,/Goods/Detail/SMF78619818,34,0.08
124,엠에프팜 | 달달꼬니네,/Goods/Detail/SMF79565974,34,0.08
125,엠에프팜 | 산들바람,/Goods/Detail/SMF34633170,34,0.08
126,엠에프팜 | 규원이네,/Goods/Detail/SMF14158451,33,0.08
127,엠에프팜 | 귤심양면 제주스토어,/Goods/Detail/SMF34633170,33,0.08
128,엠에프팜 | 귤향가득,/Goods/Detail/SMF34633170,33,0.08
129,엠에프팜 | 다팜,/Goods/Detail/SMF79565974,32,0.08
130,엠에프팜 | 산방소녀,/Goods/Detail/SMF78619818,32,0.08
131,엠에프팜 | 영자네 제주청과,/Goods/Detail/SMF26601701,32,0.08
132,엠에프팜 | 제주농산,/Goods/Detail/SMF14158451,32,0.08
133,엠에프팜 | 하나가치,/Goods/Detail/SMF34633170,32,0.08
134,엠에프팜 | 해피드림팜,/Goods/Detail/SMF34633170,32,0.08
135,엠에프팜 | 갈랩,/Goods/Detail/SMF13606317,31,0.08
136,엠에프팜 | 루나애플,/Goods/Detail/SMF78619818,31,0.08
137,엠에프팜 | 보물넷,/Goods/Detail/SMF78619818,31,0.08
138,엠에프팜 | 영찬 팜유,/Goods/Detail/SMF26601701,31,0.08
139,엠에프팜 | 제주농산,/Goods/Detail/SMF34633170,31,0.08
140,엠에프팜 | silverspoon,/Goods/Detail/SMF14158451,30,0.07
141,엠에프팜 | 레드향,/Goods/List,30,0.07
142,엠에프팜 | 비니네,/Goods/Detail/SMF34633170,30,0.07
143,엠에프팜 | 에이플러스마켓,/Goods/Detail/SMF14158451,30,0.07
144,엠에프팜 | 콩콩팥팥,/Goods/Detail/SMF14158451,30,0.07
145,엠에프팜 | 귤스토리,/Goods/Detail/SMF14158451,29,0.07
146,엠에프팜 | 귤심양면 제주스토어,/Goods/Detail/SMF79565974,29,0.07
147,엠에프팜 | 다솜이네,/Goods/Detail/SMF14158451,29,0.07
148,엠에프팜 | 달콤 제주 귤내음,/Goods/Detail/SMF14158451,29,0.07
149,엠에프팜 | 쮸니농장,/Goods/Detail/SMF78619818,29,0.07
150,엠에프팜 | 과일바구니,/Goods/Detail/SMF78619818,28,0.07
151,엠에프팜 | 산들바람,/Goods/Detail/SMF78619818,28,0.07
152,엠에프팜 | 영자네 제주청과,/Goods/Detail/SMF34633170,28,0.07
153,엠에프팜 | 영찬 팜유,/Goods/Detail/SMF78619818,28,0.07
154,엠에프팜 | 과일바구니,/Goods/Detail/SMF79565974,27,0.07
155,엠에프팜 | 귤심양면 제주스토어,/Goods/Detail/SMF13606317,27,0.07
156,엠에프팜 | 든든곳간,/Goods/Detail/SMF26601701,27,0.07
157,엠에프팜 | 미라이네집 과일,/Goods/Detail/SMF79565974,27,0.07
158,엠에프팜 | 비니네,/Goods/Detail/SMF14158451,27,0.07
159,엠에프팜 | 산방소녀,/Goods/Detail/SMF14158451,27,0.07
160,엠에프팜 | 제주농산,/Goods/Detail/SMF13606317,27,0.07
161,엠에프팜 | 햇살담은 제주,/Goods/Detail/SMF14158451,27,0.07
162,[1+1이벤트]초고당도 타이벡 감귤,/Goods/Detail/SMF14158451,26,0.06
163,엠에프팜 | 01028278849,/Goods/Detail/SMF14158451,26,0.06
164,엠에프팜 | 건강365일,/Goods/Detail/SMF13166336,26,0.06
165,엠에프팜 | 건강365일,/Goods/Detail/SMF37504939,26,0.06
166,엠에프팜 | 과일바구니,/Goods/Detail/SMF34633170,26,0.06
167,엠에프팜 | 규원이네,/Goods/Detail/SMF78619818,26,0.06
168,엠에프팜 | 도도담다,/Goods/Detail/SMF78619818,26,0.06
169,엠에프팜 | 돌담밭,/Goods/Detail/SMF34633170,26,0.06
170,엠에프팜 | 방울이네,/Goods/Detail/SMF79565974,26,0.06
171,엠에프팜 | 쮸니농장,/Goods/Detail/SMF34633170,26,0.06
172,엠에프팜 | 감귤,/Goods/List,25,0.06
173,엠에프팜 | 걍쮸,/Goods/Detail/SMF13606317,25,0.06
174,엠에프팜 | 제철직송몰,/Goods/Detail/SMF34633170,25,0.06
176,엠에프팜 | 01096775056,/Goods/Detail/SMF34633170,24,0.06
177,엠에프팜 | 다솜이네,/Goods/Detail/SMF78619818,24,0.06
178,엠에프팜 | 돌코롬제주상회,/Goods/Detail/SMF78619818,24,0.06
179,엠에프팜 | 몽키바나나,/Goods/Detail/SMF14158451,24,0.06
180,엠에프팜 | 삼부자농장,/Goods/Detail/SMF78619818,24,0.06
181,엠에프팜 | 영찬 팜유,/Goods/Detail/SMF14158451,24,0.06
182,엠에프팜 | 웃음담은자연,/Goods/Detail/SMF78619818,24,0.06
183,엠에프팜 | 유지가게,/Goods/Detail/SMF78619818,24,0.06
184,엠에프팜 | 제주농장,/Goods/Detail/SMF13166336,24,0.06
185,엠에프팜 | 해피드림팜,/Goods/Detail/SMF79565974,24,0.06
186,엠에프팜 | Jejufarmers,/Goods/Detail/SMF34633170,23,0.06
187,엠에프팜 | momo,/Goods/Detail/SMF35431331,23,0.06
188,엠에프팜 | suy,/Goods/Detail/SMF14158451,23,0.06
189,엠에프팜 | 곡간,/Goods/Detail/SMF78619818,23,0.06
190,엠에프팜 | 돌코롬제주상회,/Goods/Detail/SMF14158451,23,0.06
191,엠에프팜 | 써니농장,/Goods/Detail/SMF79565974,23,0.06
192,엠에프팜 | 애정이네,/Goods/Detail/SMF34633170,23,0.06
193,엠에프팜 | 웃음담은자연,/Goods/Detail/SMF34633170,23,0.06
194,엠에프팜 | 전체상품,/Goods/List,23,0.06
195,엠에프팜 | 한라봉,/Goods/List,23,0.06
196,엠에프팜 | 해피드림팜,/Goods/Detail/SMF13606317,23,0.06
197,제주 산지직송 황금향 선물세트 가정용,/Goods/Detail/SMF29718566,23,0.06
199,엠에프팜 | Happy_Tangerine,/Goods/Detail/SMF14158451,22,0.05
200,엠에프팜 | jordan,/Goods/Detail/SMF14158451,22,0.05
201,엠에프팜 | suy,/Goods/Detail/SMF78619818,22,0.05
202,엠에프팜 | 규규네,/Goods/Detail/SMF14158451,22,0.05
203,엠에프팜 | 귤심양면 제주스토어,/Goods/Detail/SMF26601701,22,0.05
204,엠에프팜 | 아론,/Goods/Detail/SMF35431331,22,0.05
205,엠에프팜 | 윤현후맘,/Goods/Detail/SMF26601701,22,0.05
206,엠에프팜 | 윤현후맘,/Goods/Detail/SMF79565974,22,0.05
207,엠에프팜 | 인디자인25,/Goods/Detail/SMF26601701,22,0.05
208,엠에프팜 | 한율,/Goods/Detail/SMF14158451,22,0.05
209,엠에프팜 | 한율,/Goods/Detail/SMF26601701,22,0.05
210,엠에프팜,/Home/index,22,0.05
211,엠에프팜 | 노나누나,/Goods/Detail/SMF34633170,21,0.05
212,엠에프팜 | 든든곳간,/Goods/Detail/SMF78619818,21,0.05
213,엠에프팜 | 아름다운 습관,/Goods/Detail/SMF26601701,21,0.05
214,엠에프팜 | 양씨네 움,/Goods/Detail/SMF34633170,21,0.05
215,엠에프팜 | 우운이네가게,/Goods/Detail/SMF14158451,21,0.05
216,엠에프팜 | 제주 by 주키꼬,/Goods/Detail/SMF14158451,21,0.05
217,엠에프팜 | 제주 by 주키꼬,/Goods/Detail/SMF78619818,21,0.05
218,엠에프팜 | 쮸니농장,/Goods/Detail/SMF79565974,21,0.05
219,제주 특품 한라봉 대과 선물세트 5kg,/Goods/Detail/SMF20680079,21,0.05
220,논산 설향딸기 달콤함 가득 겨울과일,/Goods/Detail/SMF37504939,20,0.05
221,실속만점 가정용 하우스 한라봉&레드향,/Goods/Detail/SMF34633170,20,0.05
222,엠에프팜 | 01028278849,/Goods/Detail/SMF78619818,20,0.05
223,엠에프팜 | 걍쮸,/Goods/Detail/SMF79565974,20,0.05
224,엠에프팜 | 달달꼬니네,/Goods/Detail/SMF13606317,20,0.05
225,엠에프팜 | 돌코롬제주상회,/Goods/Detail/SMF13606317,20,0.05
226,엠에프팜 | 방울이네,/Goods/Detail/SMF13606317,20,0.05
227,엠에프팜 | 숭귤탱귤,/Goods/Detail/SMF14158451,20,0.05
228,엠에프팜 | 써니농장,/Goods/Detail/SMF78619818,20,0.05
229,엠에프팜 | 양씨네 움,/Goods/Detail/SMF14158451,20,0.05
230,엠에프팜 | 오늘의귤,/Goods/Detail/SMF78619818,20,0.05
231,엠에프팜 | 제주&보란,/Goods/Detail/SMF79565974,20,0.05
232,엠에프팜 | 흙향기,/Goods/Detail/SMF34633170,20,0.05
233,"해남 꿀고구마, 베니하루카 품종 포슬포슬",/Goods/Detail/SMF79565974,20,0.05
235,엠에프팜 | suy,/Goods/Detail/SMF34633170,19,0.04
236,엠에프팜 | 갈랩,/Goods/Detail/SMF79565974,19,0.04
237,엠에프팜 | 건강365일,/Goods/Detail/SMF26601701,19,0.04
238,엠에프팜 | 돌담 청과일,/Goods/Detail/SMF78619818,19,0.04
239,엠에프팜 | 돌코롬제주상회,/Goods/Detail/SMF34633170,19,0.04
240,엠에프팜 | 몽키바나나,/Goods/Detail/SMF78619818,19,0.04
241,엠에프팜 | 비비 셀렉트,/Goods/Detail/SMF26601701,19,0.04
242,엠에프팜 | 산들바람,/Goods/Detail/SMF13606317,19,0.04
243,엠에프팜 | 애정이네,/Goods/Detail/SMF14158451,19,0.04
244,엠에프팜 | 유지가게,/Goods/Detail/SMF14158451,19,0.04
245,엠에프팜 | 제주귤냥냥,/Goods/Detail/SMF26601701,19,0.04
246,엠에프팜 | 제주귤상점,/Goods/Detail/SMF21632923,19,0.04
247,엠에프팜 | 해피드림팜,/Goods/Detail/SMF78619818,19,0.04
248,엠에프팜 | mikang,/Goods/Detail/SMF34633170,18,0.04
249,엠에프팜 | 걍쮸,/Goods/Detail/SMF26601701,18,0.04
250,엠에프팜 | 과일바구니,/Goods/Detail/SMF14158451,18,0.04
251,엠에프팜 | 귤마당,/Goods/Detail/SMF14158451,18,0.04
252,엠에프팜 | 노나누나,/Goods/Detail/SMF14158451,18,0.04
253,엠에프팜 | 달달꼬니네,/Goods/Detail/SMF26601701,18,0.04
254,엠에프팜 | 든든곳간,/Goods/Detail/SMF37504939,18,0.04
255,엠에프팜 | 또준이네,/Goods/Detail/SMF13606317,18,0.04
256,엠에프팜 | 루나애플,/Goods/Detail/SMF34633170,18,0.04
257,엠에프팜 | 영자네 제주청과,/Goods/Detail/SMF35431331,18,0.04
258,엠에프팜 | 콩콩팥팥,/Goods/Detail/SMF34633170,18,0.04
259,엠에프팜 | 한별이네 농장,/Goods/Detail/SMF14158451,18,0.04
260,엠에프팜 | 황금향,/Goods/List,18,0.04
261,엠에프팜 | 희쿠르트 플러스,/Goods/Detail/SMF78619818,18,0.04
262,엠에프팜 | KIM매니저,/Goods/Detail/SMF34633170,17,0.04
263,엠에프팜 | KIM매니저,/Goods/Detail/SMF78619818,17,0.04
264,엠에프팜 | mikang,/Goods/Detail/SMF14158451,17,0.04
265,엠에프팜 | 건강365일,/Goods/Detail/SMF13606317,17,0.04
266,엠에프팜 | 과일바구니,/Goods/Detail/SMF26601701,17,0.04
267,엠에프팜 | 다솜이네,/Goods/Detail/SMF34633170,17,0.04
268,엠에프팜 | 달콤 제주 귤내음,/Goods/Detail/SMF34633170,17,0.04
269,엠에프팜 | 루나애플,/Goods/Detail/SMF14158451,17,0.04
270,엠에프팜 | 써니농장,/Goods/Detail/SMF26601701,17,0.04
271,엠에프팜 | 애정이네,/Goods/Detail/SMF35431331,17,0.04
272,엠에프팜 | 오늘과일(ONEUL FRUIT),/Goods/Detail/SMF34633170,17,0.04
273,엠에프팜 | 제주 지수네 명품귤,/Goods/Detail/SMF78619818,17,0.04
274,엠에프팜 | 제주과원,/Goods/Detail/SMF34633170,17,0.04
275,엠에프팜 | 제주농산,/Goods/Detail/SMF26601701,17,0.04
276,엠에프팜 | 제주농산,/Goods/Detail/SMF37504939,17,0.04
277,엠에프팜 | 제주엠에프농장,/Goods/Detail/SMF34633170,17,0.04
278,엠에프팜 | 제주천사,/Goods/Detail/SMF14158451,17,0.04
279,엠에프팜 | 해든시골농장(haedeun farm),/Goods/Detail/SMF14158451,17,0.04
280,엠에프팜 | 햇살담은 제주,/Goods/Detail/SMF34633170,17,0.04
281,엠에프팜 | 흙향기,/Goods/Detail/SMF78619818,17,0.04
282,엠에프팜 | 갈랩,/Goods/Detail/SMF34633170,16,0.04
283,엠에프팜 | 그린앤굿,/Goods/Detail/SMF14158451,16,0.04
284,엠에프팜 | 그린앤굿,/Goods/Detail/SMF78619818,16,0.04
285,엠에프팜 | 농가직송담다,/Goods/Detail/SMF35431331,16,0.04
286,엠에프팜 | 미라이네집 과일,/Goods/Detail/SMF26601701,16,0.04
287,엠에프팜 | 비니네,/Goods/Detail/SMF78619818,16,0.04
288,엠에프팜 | 살구마켓,/Goods/Detail/SMF14158451,16,0.04
289,엠에프팜 | 섬담,/Goods/Detail/SMF34633170,16,0.04
290,엠에프팜 | 온빛지,/Goods/Detail/SMF79565974,16,0.04
291,엠에프팜 | 웃음담은자연,/Goods/Detail/SMF79565974,16,0.04
292,엠에프팜 | 제주 지수네 명품귤,/Goods/Detail/SMF26601701,16,0.04
293,엠에프팜 | 햇살시장,/Goods/Detail/SMF13606317,16,0.04
296,엠에프팜 | 01096775056,/Goods/Detail/SMF78619818,15,0.03
297,엠에프팜 | KIM매니저,/Goods/Detail/SMF79565974,15,0.03
298,엠에프팜 | jejufarm,/Goods/Detail/SMF78619818,15,0.03
299,엠에프팜 | 남매농장,/Goods/Detail/SMF34633170,15,0.03
300,엠에프팜 | 몽키바나나,/Goods/Detail/SMF34633170,15,0.03
301,엠에프팜 | 몽키바나나,/Goods/Detail/SMF35431331,15,0.03
302,엠에프팜 | 비니네,/Goods/Detail/SMF79565974,15,0.03
303,엠에프팜 | 산지의 눈,/Goods/Detail/SMF14158451,15,0.03
304,엠에프팜 | 영찬 팜유,/Goods/Detail/SMF37504939,15,0.03
305,엠에프팜 | 오늘의귤,/Goods/Detail/SMF34633170,15,0.03
306,엠에프팜 | 웃음담은자연,/Goods/Detail/SMF14158451,15,0.03
307,엠에프팜 | 윤아팜,/Goods/Detail/SMF34633170,15,0.03
308,엠에프팜 | 쮸니농장,/Goods/Detail/SMF26601701,15,0.03
309,엠에프팜 | ♡정직한 모모 농수산♡,/Goods/Detail/SMF79565974,14,0.03
310,엠에프팜 | 곡간,/Goods/Detail/SMF14158451,14,0.03
311,엠에프팜 | 귤스토리,/Goods/Detail/SMF78619818,14,0.03
312,엠에프팜 | 귤향가득,/Goods/Detail/SMF13606317,14,0.03
313,엠에프팜 | 귤향가득,/Goods/Detail/SMF26601701,14,0.03
314,엠에프팜 | 또준이네,/Goods/Detail/SMF34633170,14,0.03
315,엠에프팜 | 또준이네,/Goods/Detail/SMF78619818,14,0.03
316,엠에프팜 | 미가,/Goods/Detail/SMF14158451,14,0.03
317,엠에프팜 | 미가,/Goods/Detail/SMF78619818,14,0.03
318,엠에프팜 | 범이넷,/Goods/Detail/SMF14158451,14,0.03
319,엠에프팜 | 산들바람,/Goods/Detail/SMF26601701,14,0.03
320,엠에프팜 | 산지의 눈,/Goods/Detail/SMF34633170,14,0.03
321,엠에프팜 | 소소,/Goods/Detail/SMF14158451,14,0.03
322,엠에프팜 | 쉴만한 시냇가,/Goods/Detail/SMF34633170,14,0.03
323,엠에프팜 | 유앤아이몰,/Goods/Detail/SMF14158451,14,0.03
324,엠에프팜 | 제주&보란,/Goods/Detail/SMF35431331,14,0.03
325,엠에프팜 | 제주과원,/Goods/Detail/SMF14158451,14,0.03
326,엠에프팜 | 제주구미,/Goods/Detail/SMF34633170,14,0.03
327,엠에프팜 | 제주농산,/Goods/Detail/SMF79565974,14,0.03
328,엠에프팜 | 제주담음,/Goods/Detail/SMF14158451,14,0.03
329,엠에프팜 | 제주담음,/Goods/Detail/SMF34633170,14,0.03
330,엠에프팜 | 하나가치,/Goods/Detail/SMF78619818,14,0.03
331,엠에프팜 | 해든시골농장(haedeun farm),/Goods/Detail/SMF34633170,14,0.03
332,엠에프팜 | 흙향기,/Goods/Detail/SMF14158451,14,0.03
334,엠에프팜 | namsoon,/Goods/Detail/SMF14158451,13,0.03
335,엠에프팜 | 그린로드,/Goods/Detail/SMF14158451,13,0.03
336,엠에프팜 | 다원다은 제주귤상회,/Goods/Detail/SMF34633170,13,0.03
337,엠에프팜 | 달달꼬니네,/Goods/Detail/SMF35431331,13,0.03
338,엠에프팜 | 담다,/Goods/Detail/SMF34633170,13,0.03
339,엠에프팜 | 돌담 청과일,/Goods/Detail/SMF14158451,13,0.03
340,엠에프팜 | 돌담 청과일,/Goods/Detail/SMF34633170,13,0.03
341,엠에프팜 | 민우네집 과일,/Goods/Detail/SMF78619818,13,0.03
342,엠에프팜 | 아론,/Goods/Detail/SMF13166336,13,0.03
343,엠에프팜 | 애정이네,/Goods/Detail/SMF78619818,13,0.03
344,엠에프팜 | 오늘과일(ONEUL FRUIT),/Goods/Detail/SMF14158451,13,0.03
345,엠에프팜 | 윤현후맘,/Goods/Detail/SMF13606317,13,0.03
346,엠에프팜 | 은아스토어,/Goods/Detail/SMF34633170,13,0.03
347,엠에프팜 | 제주&보란,/Goods/Detail/SMF13606317,13,0.03
348,엠에프팜 | 제주담음,/Goods/Detail/SMF78619818,13,0.03
349,엠에프팜 | 제주천사,/Goods/Detail/SMF34633170,13,0.03
350,엠에프팜 | 탐라농산,/Goods/Detail/SMF14158451,13,0.03
351,엠에프팜 | 하나가치,/Goods/Detail/SMF79565974,13,0.03
352,엠에프팜 | 해피드림팜,/Goods/Detail/SMF35431331,13,0.03
353,엠에프팜 | 햇살시장,/Goods/Detail/SMF14158451,13,0.03
354,엠에프팜 | 흙향기,/Goods/Detail/SMF79565974,13,0.03
355,엄선된 프리미엄 과일 선물세트,/Goods/Detail/SMF26601701,12,0.03
356,엠에프팜 | jordan,/Goods/Detail/SMF79565974,12,0.03
357,엠에프팜 | yununae,/Goods/Detail/SMF34633170,12,0.03
358,엠에프팜 | 규원이네,/Goods/Detail/SMF26601701,12,0.03
359,엠에프팜 | 귤,/Goods/List,12,0.03
360,엠에프팜 | 귤스토리,/Goods/Detail/SMF34633170,12,0.03
361,엠에프팜 | 까진며느리,/Goods/Detail/SMF34633170,12,0.03
362,엠에프팜 | 나린이네농원,/Goods/Detail/SMF34633170,12,0.03
363,엠에프팜 | 농가직송담다,/Goods/Detail/SMF34633170,12,0.03
364,엠에프팜 | 다솜이네,/Goods/Detail/SMF26601701,12,0.03
365,엠에프팜 | 달콤 귤상점,/Goods/Detail/SMF14158451,12,0.03
366,엠에프팜 | 도도담다,/Goods/Detail/SMF14158451,12,0.03
367,엠에프팜 | 또준이네,/Goods/Detail/SMF79565974,12,0.03
368,엠에프팜 | 로로푸드,/Goods/Detail/SMF34633170,12,0.03
369,엠에프팜 | 루나애플,/Goods/Detail/SMF79565974,12,0.03
370,엠에프팜 | 바른농가,/Goods/Detail/SMF14158451,12,0.03
371,엠에프팜 | 산들바람,/Goods/Detail/SMF14158451,12,0.03
372,엠에프팜 | 섬담,/Goods/Detail/SMF14158451,12,0.03
373,엠에프팜 | 쉴만한 시냇가,/Goods/Detail/SMF14158451,12,0.03
374,엠에프팜 | 영자네 제주청과,/Goods/Detail/SMF78619818,12,0.03
375,엠에프팜 | 온빛지,/Goods/Detail/SMF78619818,12,0.03
376,엠에프팜 | 올팜마켓 제주,/Goods/Detail/SMF14158451,12,0.03
377,엠에프팜 | 유앤아이몰,/Goods/Detail/SMF34633170,12,0.03
378,엠에프팜 | 제주 과일 이야기,/Goods/Detail/SMF14158451,12,0.03
379,엠에프팜 | 제주귤냥냥,/Goods/Detail/SMF34633170,12,0.03
380,엠에프팜 | 제주귤냥냥,/Goods/Detail/SMF78619818,12,0.03
381,"엠에프팜 | 제주의 하루, 귤 한 입",/Goods/Detail/SMF78619818,12,0.03
382,엠에프팜 | 제주천사,/Goods/Detail/SMF78619818,12,0.03
383,엠에프팜 | 제주하나,/Goods/Detail/SMF34633170,12,0.03
384,엠에프팜 | 쮸니농장,/Goods/Detail/SMF13606317,12,0.03
385,엠에프팜 | 태태네 달콤상회,/Goods/Detail/SMF34633170,12,0.03
386,엠에프팜 | 한율,/Goods/Detail/SMF78619818,12,0.03
387,과즙폭발 겨울의 꽃 조생 감귤,/Goods/Detail/SMF95760083,11,0.02
388,엠에프팜 | 01028278849,/Goods/Detail/SMF34633170,11,0.02
389,엠에프팜 | bluemun,/Goods/Detail/SMF14158451,11,0.02
390,엠에프팜 | sunnystore,/Goods/Detail/SMF14158451,11,0.02
391,엠에프팜 | sunnystore,/Goods/Detail/SMF34633170,11,0.02
392,엠에프팜 | 갈랩,/Goods/Detail/SMF26601701,11,0.02
393,엠에프팜 | 개인정보관리,/Mypage/My_info_modify,11,0.02
394,엠에프팜 | 건강365일,/Goods/Detail/SMF79565974,11,0.02
395,엠에프팜 | 과일요정,/Goods/Detail/SMF14158451,11,0.02
396,엠에프팜 | 과즙상띠로리,/Goods/Detail/SMF14158451,11,0.02
397,엠에프팜 | 구매후기,/Mypage/My_review,11,0.02
398,엠에프팜 | 귤담은집,/Goods/Detail/SMF26601701,11,0.02
399,엠에프팜 | 그린로드,/Goods/Detail/SMF78619818,11,0.02
400,엠에프팜 | 김반장하이킹,/Goods/Detail/SMF14158451,11,0.02
401,엠에프팜 | 나린이네농원,/Goods/Detail/SMF78619818,11,0.02
402,엠에프팜 | 담다,/Goods/Detail/SMF35431331,11,0.02
403,엠에프팜 | 돌코롬제주상회,/Goods/Detail/SMF79565974,11,0.02
404,엠에프팜 | 미라이네집 과일,/Goods/Detail/SMF13606317,11,0.02
405,엠에프팜 | 소소,/Goods/Detail/SMF34633170,11,0.02
406,엠에프팜 | 소소,/Goods/Detail/SMF78619818,11,0.02
407,엠에프팜 | 수지닝,/Goods/Detail/SMF44782434,11,0.02
408,엠에프팜 | 신선농산,/Goods/Detail/SMF37504939,11,0.02
409,엠에프팜 | 제주담음,/Goods/Detail/SMF13606317,11,0.02
410,엠에프팜 | 제주예니샵,/Goods/Detail/SMF34633170,11,0.02
411,엠에프팜 | 푸우마켓,/Goods/Detail/SMF14158451,11,0.02
412,엠에프팜 | 해든시골농장(haedeun farm),/Goods/Detail/SMF78619818,11,0.02
413,엠에프팜 | 혜씨네,/Goods/Detail/SMF78619818,11,0.02
414,엠에프팜 | 홍숙마켓,/Goods/Detail/SMF34633170,11,0.02
415,제주 농장 산지직송 노지 한라봉 가정용 5kg 10kg,/Goods/Detail/SMF56651816,11,0.02
416,과즙폭발 겨울의 꽃 조생 감귤,/Goods/Detail/SMF78619818,10,0.02
417,엠에프팜 | 01030040315,/Goods/Detail/SMF37504939,10,0.02
418,엠에프팜 | Happy_Tangerine,/Goods/Detail/SMF34633170,10,0.02
419,엠에프팜 | bluemun,/Goods/Detail/SMF78619818,10,0.02
420,엠에프팜 | jejufarm,/Goods/Detail/SMF13606317,10,0.02
421,엠에프팜 | mandarin.jeju,/Goods/Detail/SMF14158451,10,0.02
422,엠에프팜 | 귤마당,/Goods/Detail/SMF34633170,10,0.02
423,엠에프팜 | 김반장하이킹,/Goods/Detail/SMF56651816,10,0.02
424,엠에프팜 | 달보름상회,/Goods/Detail/SMF14158451,10,0.02
425,엠에프팜 | 돌담집 과수원,/Goods/Detail/SMF78619818,10,0.02
426,엠에프팜 | 만나팜(MANNA FARM),/Goods/Detail/SMF26601701,10,0.02
427,엠에프팜 | 민우네집 과일,/Goods/Detail/SMF34633170,10,0.02
428,엠에프팜 | 산지의 눈,/Goods/Detail/SMF78619818,10,0.02
429,엠에프팜 | 살구마켓,/Goods/Detail/SMF78619818,10,0.02
430,엠에프팜 | 살구마켓,/Goods/Detail/SMF79565974,10,0.02
431,엠에프팜 | 섬담,/Goods/Detail/SMF78619818,10,0.02
432,엠에프팜 | 쉴만한 시냇가,/Goods/Detail/SMF78619818,10,0.02
433,엠에프팜 | 싱싱제주,/Goods/Detail/SMF14158451,10,0.02
434,엠에프팜 | 써니농장,/Goods/Detail/SMF13606317,10,0.02
435,엠에프팜 | 영찬 팜유,/Goods/Detail/SMF13166336,10,0.02
436,엠에프팜 | 오늘과일(ONEUL FRUIT),/Goods/Detail/SMF78619818,10,0.02
437,엠에프팜 | 우남매네 햇살농장,/Goods/Detail/SMF26601701,10,0.02
438,엠에프팜 | 윤아팜,/Goods/Detail/SMF78619818,10,0.02
439,엠에프팜 | 제주 by 주키꼬,/Goods/Detail/SMF79565974,10,0.02
440,엠에프팜 | 제주농산물직거래장터,/Goods/Detail/SMF34633170,10,0.02
441,엠에프팜 | 제주엠에프농장,/Goods/Detail/SMF14158451,10,0.02
442,엠에프팜 | 제주천사,/Goods/Detail/SMF79565974,10,0.02
443,엠에프팜 | 제주탐구,/Goods/Detail/SMF14158451,10,0.02
444,엠에프팜 | 제주탐라마켓,/Goods/Detail/SMF26601701,10,0.02
445,엠에프팜 | 제주향기,/Goods/Detail/SMF14158451,10,0.02
446,엠에프팜 | 햇살맑음농장,/Goods/Detail/SMF34633170,10,0.02
447,엠에프팜 | 후니네 농산물,/Goods/Detail/SMF34633170,10,0.02
448,엠에프팜,/Mypage/JoinSelect,10,0.02
449,초고당도 타이벡감귤 2025년 첫 수확,/Goods/Detail/SMF36412041,10,0.02
450,하우스 한라봉 깜짝 이벤트! 덤 500g 추가 증정!,/Goods/Detail/SMF35431331,10,0.02
451,"[1+1이벤트]초고당도 타이벡 감귤, 1월 6일 출고 예정",/Goods/Detail/SMF14158451,9,0.02
452,엠에프팜 | DJX,/Goods/Detail/SMF34633170,9,0.02
453,엠에프팜 | mfff,/Goods/Detail/SMF26601701,9,0.02
454,엠에프팜 | sun귤,/Goods/Detail/SMF78619818,9,0.02
455,엠에프팜 | 귤심양면 제주스토어,/Goods/Detail/SMF35431331,9,0.02
456,엠에프팜 | 그린앤굿,/Goods/Detail/SMF37504939,9,0.02
457,엠에프팜 | 나린이네농원,/Goods/Detail/SMF13606317,9,0.02
458,엠에프팜 | 나린이네농원,/Goods/Detail/SMF79565974,9,0.02
459,엠에프팜 | 농가직송담다,/Goods/Detail/SMF78619818,9,0.02
460,엠에프팜 | 다둥이네,/Goods/Detail/SMF34633170,9,0.02
461,엠에프팜 | 도담,/Goods/Detail/SMF78619818,9,0.02
462,엠에프팜 | 돌담 청과일,/Goods/Detail/SMF79565974,9,0.02
463,엠에프팜 | 돌담집 과수원,/Goods/Detail/SMF14158451,9,0.02
464,엠에프팜 | 또준이네,/Goods/Detail/SMF26601701,9,0.02
465,엠에프팜 | 민수산,/Goods/Detail/SMF14158451,9,0.02
466,엠에프팜 | 바다위농장,/Goods/Detail/SMF14158451,9,0.02
467,엠에프팜 | 산들바람,/Goods/Detail/SMF79565974,9,0.02
468,엠에프팜 | 살구마켓,/Goods/Detail/SMF26601701,9,0.02
469,엠에프팜 | 섬담,/Goods/Detail/SMF13606317,9,0.02
470,엠에프팜 | 숭귤탱귤,/Goods/Detail/SMF56651816,9,0.02
471,엠에프팜 | 아론,/Goods/Detail/SMF13606317,9,0.02
472,엠에프팜 | 아름다운 습관,/Goods/Detail/SMF14158451,9,0.02
473,엠에프팜 | 오늘과일(ONEUL FRUIT),/Goods/Detail/SMF26601701,9,0.02
474,엠에프팜 | 온빛지,/Goods/Detail/SMF34633170,9,0.02
475,엠에프팜 | 유앤아이몰,/Goods/Detail/SMF26601701,9,0.02
476,엠에프팜 | 유앤아이몰,/Goods/Detail/SMF79565974,9,0.02
477,엠에프팜 | 은아스토어,/Goods/Detail/SMF78619818,9,0.02
478,엠에프팜 | 제주구미,/Goods/Detail/SMF78619818,9,0.02
479,엠에프팜 | 제주농산,/Goods/Detail/SMF13166336,9,0.02
480,엠에프팜 | 제주담음,/Goods/Detail/SMF26601701,9,0.02
481,엠에프팜 | 제주예니샵,/Goods/Detail/SMF14158451,9,0.02
482,엠에프팜 | 콩콩팥팥,/Goods/Detail/SMF79565974,9,0.02
483,엠에프팜 | 태태네 달콤상회,/Goods/Detail/SMF26601701,9,0.02
484,엠에프팜 | 한율,/Goods/Detail/SMF37504939,9,0.02
485,엠에프팜 | 햇살맑음농장,/Goods/Detail/SMF35431331,9,0.02
486,엠에프팜 | 혜씨네,/Goods/Detail/SMF14158451,9,0.02
487,엠에프팜 | 흙향기,/Goods/Detail/SMF13606317,9,0.02
488,♥1년 중 20일만 맛 볼 수 있는 고당도 노지 황금향♥,/Goods/Detail/SMF13166336,8,0.02
489,엠에프팜 | Jeju Sweets,/Goods/Detail/SMF34633170,8,0.02
490,엠에프팜 | jejufarm,/Goods/Detail/SMF34633170,8,0.02
491,엠에프팜 | jordan,/Goods/Detail/SMF34633170,8,0.02
492,엠에프팜 | namsoon,/Goods/Detail/SMF78619818,8,0.02
493,엠에프팜 | ♡정직한 모모 농수산♡,/Goods/Detail/SMF34633170,8,0.02
494,엠에프팜 | 감자네,/Goods/Detail/SMF78619818,8,0.02
495,엠에프팜 | 귤 마켓,/Goods/Detail/SMF78619818,8,0.02
496,엠에프팜 | 그린로드,/Goods/Detail/SMF34633170,8,0.02
497,엠에프팜 | 까진며느리,/Goods/Detail/SMF35431331,8,0.02
498,엠에프팜 | 노나누나,/Goods/Detail/SMF26601701,8,0.02
499,엠에프팜 | 농가직송담다,/Goods/Detail/SMF26601701,8,0.02
500,엠에프팜 | 다솜이네,/Goods/Detail/SMF79565974,8,0.02
501,엠에프팜 | 다원다은 제주귤상회,/Goods/Detail/SMF14158451,8,0.02
502,엠에프팜 | 다원다은 제주귤상회,/Goods/Detail/SMF78619818,8,0.02
503,엠에프팜 | 다팜,/Goods/Detail/SMF13606317,8,0.02
504,엠에프팜 | 도담,/Goods/Detail/SMF79565974,8,0.02
505,엠에프팜 | 모든제주과일,/Goods/Detail/SMF34633170,8,0.02
506,엠에프팜 | 몽키바나나,/Goods/Detail/SMF13606317,8,0.02
507,엠에프팜 | 미가,/Goods/Detail/SMF34633170,8,0.02
508,엠에프팜 | 민수산,/Goods/Detail/SMF34633170,8,0.02
509,엠에프팜 | 바다위농장,/Goods/Detail/SMF78619818,8,0.02
510,엠에프팜 | 바른산지직송,/Goods/Detail/SMF14158451,8,0.02
511,엠에프팜 | 봉현 스토어,/Goods/Detail/SMF78619818,8,0.02
512,엠에프팜 | 비니네,/Goods/Detail/SMF26601701,8,0.02
513,엠에프팜 | 산방소녀,/Goods/Detail/SMF34633170,8,0.02
514,엠에프팜 | 산지의 눈,/Goods/Detail/SMF13606317,8,0.02
515,엠에프팜 | 살구마켓,/Goods/Detail/SMF34633170,8,0.02
516,엠에프팜 | 아론,/Goods/Detail/SMF37504939,8,0.02
517,엠에프팜 | 애정이네,/Goods/Detail/SMF26601701,8,0.02
518,엠에프팜 | 열매달,/Goods/Detail/SMF26601701,8,0.02
519,엠에프팜 | 열매달,/Goods/Detail/SMF34633170,8,0.02
520,엠에프팜 | 영찬 팜유,/Goods/Detail/SMF13606317,8,0.02
521,엠에프팜 | 온빛지,/Goods/Detail/SMF35431331,8,0.02
522,엠에프팜 | 웃음담은자연,/Goods/Detail/SMF26601701,8,0.02
523,엠에프팜 | 윤아팜,/Goods/Detail/SMF14158451,8,0.02
524,엠에프팜 | 윤이네,/Goods/Detail/SMF13606317,8,0.02
525,엠에프팜 | 윤이네,/Goods/Detail/SMF26601701,8,0.02
526,엠에프팜 | 윤현후맘,/Goods/Detail/SMF37504939,8,0.02
527,엠에프팜 | 장횐은아톰,/Goods/Detail/SMF14158451,8,0.02
528,엠에프팜 | 정원담다,/Goods/Detail/SMF14158451,8,0.02
529,엠에프팜 | 제주엠에프농장,/Goods/Detail/SMF79565974,8,0.02
530,엠에프팜 | 제주의향기,/Goods/Detail/SMF14158451,8,0.02
531,엠에프팜 | 제주천사,/Goods/Detail/SMF26601701,8,0.02
532,엠에프팜 | 제주탐라마켓,/Goods/Detail/SMF79565974,8,0.02
533,엠에프팜 | 제철농가,/Goods/Detail/SMF79565974,8,0.02
534,엠에프팜 | 준사란 과일가게,/Goods/Detail/SMF14158451,8,0.02
535,엠에프팜 | 하나네,/Goods/Detail/SMF87846210,8,0.02
536,엠에프팜 | 햇살시장,/Goods/Detail/SMF79565974,8,0.02
537,엠에프팜 | 황금노지,/Goods/Detail/SMF14158451,8,0.02
538,엠에프팜 | 후추네,/Goods/Detail/SMF35431331,8,0.02
539,제주 산지직송 노지 한라봉+레드향 가정용 3kg 5kg 10kg (소중대혼합),/Goods/Detail/SMF71771951,8,0.02
540,"제주 산지직송 하우스감귤 2kg, 4kg, 4.5kg 소과 로얄과 중대과",/Goods/Detail/SMF82923688,8,0.02
541,초고당도 타이벡 감귤 2025년 첫수확,/Goods/Detail/SMF14158451,8,0.02
543,엠에프팜 | DJX,/Goods/Detail/SMF78619818,7,0.01
544,엠에프팜 | Happy_Tangerine,/Goods/Detail/SMF78619818,7,0.01
545,엠에프팜 | Jejufarmers,/goods/detail/SMF14158451,7,0.01
546,엠에프팜 | THE FRESH 365,/Goods/Detail/SMF78619818,7,0.01
547,엠에프팜 | guggfam,/Goods/Detail/SMF34633170,7,0.01
548,엠에프팜 | jejufarm,/Goods/Detail/SMF35431331,7,0.01
549,엠에프팜 | sunnystore,/Goods/Detail/SMF78619818,7,0.01
550,엠에프팜 | 걍쮸,/Goods/Detail/SMF35431331,7,0.01
551,엠에프팜 | 걍쮸,/Goods/Detail/SMF56651816,7,0.01
552,엠에프팜 | 귤귤마켓,/Goods/Detail/SMF14158451,7,0.01
553,엠에프팜 | 귤향가득,/goods/detail/SMF34633170,7,0.01
554,엠에프팜 | 그린앤굿,/Goods/Detail/SMF13606317,7,0.01
555,엠에프팜 | 까진며느리,/Goods/Detail/SMF14158451,7,0.01
556,엠에프팜 | 네둥이네,/Goods/Detail/SMF14158451,7,0.01
557,엠에프팜 | 담다,/Goods/Detail/SMF14158451,7,0.01
558,엠에프팜 | 도도담다,/Goods/Detail/SMF34633170,7,0.01
559,엠에프팜 | 돌담밭,/Goods/Detail/SMF78619818,7,0.01
560,엠에프팜 | 럭시팜,/Goods/Detail/SMF78619818,7,0.01
561,엠에프팜 | 몽키바나나,/Goods/Detail/SMF26601701,7,0.01
562,엠에프팜 | 몽키바나나,/Goods/Detail/SMF79565974,7,0.01
563,엠에프팜 | 미가,/Goods/Detail/SMF26601701,7,0.01
564,엠에프팜 | 백호농장,/Goods/Detail/SMF34633170,7,0.01
565,엠에프팜 | 범이넷,/Goods/Detail/SMF34633170,7,0.01
566,엠에프팜 | 보물넷,/Goods/Detail/SMF34633170,7,0.01
567,엠에프팜 | 비니네,/Goods/Detail/SMF13606317,7,0.01
568,엠에프팜 | 산들바람,/Goods/Detail/SMF13166336,7,0.01
569,엠에프팜 | 쉴만한 시냇가,/Goods/Detail/SMF13606317,7,0.01
570,엠에프팜 | 쉴만한 시냇가,/Goods/Detail/SMF26601701,7,0.01
571,엠에프팜 | 쉴만한 시냇가,/Goods/Detail/SMF79565974,7,0.01
572,엠에프팜 | 에이플러스마켓,/Goods/Detail/SMF26601701,7,0.01
573,엠에프팜 | 에이플러스마켓,/Goods/Detail/SMF34633170,7,0.01
574,엠에프팜 | 오늘의귤,/Goods/Detail/SMF14158451,7,0.01
575,엠에프팜 | 우운이네가게,/Goods/Detail/SMF26601701,7,0.01
576,엠에프팜 | 웃음담은자연,/Goods/Detail/SMF13606317,7,0.01
577,엠에프팜 | 웅이네,/Goods/Detail/SMF34633170,7,0.01
578,엠에프팜 | 으니네,/Goods/Detail/SMF14158451,7,0.01
579,엠에프팜 | 은아스토어,/Goods/Detail/SMF14158451,7,0.01
580,엠에프팜 | 장횐은아톰,/Goods/Detail/SMF34633170,7,0.01
581,엠에프팜 | 제주 과일 이야기,/Goods/Detail/SMF78619818,7,0.01
582,엠에프팜 | 제주담음,/Goods/Detail/SMF79565974,7,0.01
583,엠에프팜 | 제주엠에프농장,/Goods/Detail/SMF78619818,7,0.01
584,엠에프팜 | 제주조아,/Goods/Detail/SMF79565974,7,0.01
585,엠에프팜 | 제주특산귤,/Goods/Detail/SMF34633170,7,0.01
586,엠에프팜 | 제주향,/Goods/Detail/SMF34633170,7,0.01
587,엠에프팜 | 제철직송몰,/Goods/Detail/SMF35431331,7,0.01
588,엠에프팜 | 착한테즈,/Goods/Detail/SMF34633170,7,0.01
589,엠에프팜 | 킹댕즈,/Goods/Detail/SMF97813435,7,0.01
590,엠에프팜 | 탐라농산,/Goods/Detail/SMF37504939,7,0.01
591,엠에프팜 | 한라봉선생,/Goods/Detail/SMF78619818,7,0.01
592,엠에프팜 | 해든시골농장(haedeun farm),/Goods/Detail/SMF26601701,7,0.01
593,엠에프팜 | 희쿠르트 플러스,/Goods/Detail/SMF14158451,7,0.01
595,엠에프팜 | 01096775056,/Goods/Detail/SMF26601701,6,0.01
596,엠에프팜 | Cheol,/Goods/Detail/SMF14158451,6,0.01
597,엠에프팜 | Happy_Tangerine,/Goods/Detail/SMF79565974,6,0.01
598,엠에프팜 | Jejufarmers,/Goods/Detail/SMF13606317,6,0.01
599,엠에프팜 | jejufarm,/Goods/Detail/SMF79565974,6,0.01
600,엠에프팜 | jordan,/Goods/Detail/SMF78619818,6,0.01
601,엠에프팜 | xelloss,/Goods/Detail/SMF34633170,6,0.01
602,엠에프팜 | 곡간,/Goods/Detail/SMF34633170,6,0.01
603,엠에프팜 | 과육도,/Goods/Detail/SMF78619818,6,0.01
604,엠에프팜 | 과일요정,/Goods/Detail/SMF78619818,6,0.01
605,엠에프팜 | 귤 마켓,/Goods/Detail/SMF14158451,6,0.01
606,엠에프팜 | 그린앤굿,/Goods/Detail/SMF26601701,6,0.01
607,엠에프팜 | 그린앤굿,/Goods/Detail/SMF34633170,6,0.01
608,엠에프팜 | 네둥이네,/Goods/Detail/SMF35431331,6,0.01
609,엠에프팜 | 노나누나,/Goods/Detail/SMF13606317,6,0.01
610,엠에프팜 | 노나누나,/Goods/Detail/SMF78619818,6,0.01
611,엠에프팜 | 다원다은 제주귤상회,/Goods/Detail/SMF26601701,6,0.01
612,엠에프팜 | 다팜,/Goods/Detail/SMF37504939,6,0.01
613,엠에프팜 | 달콤 귤상점,/Goods/Detail/SMF34633170,6,0.01
614,엠에프팜 | 달콤 제주 귤내음,/Goods/Detail/SMF13166336,6,0.01
615,엠에프팜 | 달콤농가,/Goods/Detail/SMF78619818,6,0.01
616,엠에프팜 | 도담프룻,/Goods/Detail/SMF14158451,6,0.01
617,엠에프팜 | 도담프룻,/Goods/Detail/SMF78619818,6,0.01
618,엠에프팜 | 도도담다,/Goods/Detail/SMF26601701,6,0.01
619,엠에프팜 | 돌담밭,/Goods/Detail/SMF14158451,6,0.01
620,엠에프팜 | 돌담집 과수원,/Goods/Detail/SMF34633170,6,0.01
621,엠에프팜 | 둥이네 싱싱농장,/Goods/Detail/SMF13606317,6,0.01
622,엠에프팜 | 둥이네 싱싱농장,/Goods/Detail/SMF34633170,6,0.01
623,엠에프팜 | 렌TV,/Goods/Detail/SMF12140409,6,0.01
624,엠에프팜 | 모든제주과일,/Goods/Detail/SMF79565974,6,0.01
625,엠에프팜 | 민우네집 과일,/Goods/Detail/SMF14158451,6,0.01
626,엠에프팜 | 바른농가,/Goods/Detail/SMF34633170,6,0.01
627,엠에프팜 | 바른산지직송,/Goods/Detail/SMF78619818,6,0.01
628,엠에프팜 | 비니네,/Goods/Detail/SMF35431331,6,0.01
629,엠에프팜 | 빵율상회,/Goods/Detail/SMF14158451,6,0.01
630,엠에프팜 | 산지의 눈,/Goods/Detail/SMF26601701,6,0.01
631,엠에프팜 | 소소상점,/Goods/Detail/SMF14158451,6,0.01
632,엠에프팜 | 소소상점,/Goods/Detail/SMF34633170,6,0.01
633,엠에프팜 | 숭귤탱귤,/Goods/Detail/SMF34633170,6,0.01
634,엠에프팜 | 신선한 농산물,/Goods/Detail/SMF26601701,6,0.01
635,엠에프팜 | 싱싱제주,/Goods/Detail/SMF78619818,6,0.01
636,엠에프팜 | 아름다운 습관,/Goods/Detail/SMF35431331,6,0.01
637,엠에프팜 | 애정이네,/Goods/Detail/SMF13606317,6,0.01
638,엠에프팜 | 온빛지,/Goods/Detail/SMF26601701,6,0.01
639,엠에프팜 | 온새미로,/Goods/Detail/SMF14158451,6,0.01
640,엠에프팜 | 온새미로,/Goods/Detail/SMF78619818,6,0.01
641,엠에프팜 | 유앤아이몰,/Goods/Detail/SMF78619818,6,0.01
642,엠에프팜 | 은아스토어,/Goods/Detail/SMF26601701,6,0.01
643,엠에프팜 | 제주 가족 농장,/Goods/Detail/SMF37504939,6,0.01
644,엠에프팜 | 제주 과일 이야기,/Goods/Detail/SMF34633170,6,0.01
645,엠에프팜 | 제주감귤 대구총판,/Goods/Detail/SMF35431331,6,0.01
646,엠에프팜 | 제주과원,/Goods/Detail/SMF78619818,6,0.01
647,엠에프팜 | 제주귤냥냥,/Goods/Detail/SMF13606317,6,0.01
648,엠에프팜 | 제주엠에프농장,/Goods/Detail/SMF13606317,6,0.01
649,엠에프팜 | 제주엠에프농장,/Goods/Detail/SMF26601701,6,0.01
650,엠에프팜 | 제주하나,/Goods/Detail/SMF14158451,6,0.01
651,엠에프팜 | 준사란 과일가게,/Goods/Detail/SMF34633170,6,0.01
652,엠에프팜 | 지니픽,/Goods/Detail/SMF34633170,6,0.01
653,엠에프팜 | 지니픽,/Goods/Detail/SMF78619818,6,0.01
654,엠에프팜 | 초당도 달오름,/Goods/Detail/SMF78619818,6,0.01
655,엠에프팜 | 태태네 달콤상회,/Goods/Detail/SMF78619818,6,0.01
656,엠에프팜 | 포크레인,/Goods/Detail/SMF78619818,6,0.01
657,엠에프팜 | 하나네,/Goods/Detail/SMF24484057,6,0.01
658,엠에프팜 | 햇살담은 제주,/Goods/Detail/SMF26601701,6,0.01
659,엠에프팜 | 햇살시장,/Goods/Detail/SMF78619818,6,0.01
660,엠에프팜 | 홍숙마켓,/Goods/Detail/SMF26601701,6,0.01
661,엠에프팜 | 흙향기,/Goods/Detail/SMF26601701,6,0.01
662,엠에프팜,/Mypage/Login,6,0.01
663,"제주 산지직송 황금향 선물세트 가정용 2kg, 3kg, 5kg",/Goods/Detail/SMF24654511,6,0.01
664,과즙폭발 꿀당도 보장 고당도 감귤 2kg + 황금향 2kg,/Goods/Detail/SMF97813435,5,0.01
665,엠에프팜 | 01030040315,/Goods/Detail/SMF26601701,5,0.01
666,엠에프팜 | 01030040315,/goods/detail/SMF14158451,5,0.01
667,엠에프팜 | 01096775056,/Goods/Detail/SMF35431331,5,0.01
668,엠에프팜 | 01096775056,/Goods/Detail/SMF79565974,5,0.01
669,엠에프팜 | DH 스토어,/Goods/Detail/SMF14158451,5,0.01
670,엠에프팜 | DJX,/Goods/Detail/SMF13606317,5,0.01
671,엠에프팜 | Fresh 마켓,/Goods/Detail/SMF13606317,5,0.01
672,엠에프팜 | Fresh 마켓,/Goods/Detail/SMF14158451,5,0.01
673,엠에프팜 | Happy_Tangerine,/Goods/Detail/SMF26601701,5,0.01
674,엠에프팜 | Jejufarmers,/Goods/Detail/SMF26601701,5,0.01
675,엠에프팜 | Jejufarmers,/Goods/Detail/SMF79565974,5,0.01
676,엠에프팜 | KIM매니저,/Goods/Detail/SMF13606317,5,0.01
677,엠에프팜 | byeolha_farm,/Goods/Detail/SMF34633170,5,0.01
678,엠에프팜 | hoonyy,/Goods/Detail/SMF34633170,5,0.01
679,엠에프팜 | jordan,/Goods/Detail/SMF13606317,5,0.01
680,엠에프팜 | mikang,/Goods/Detail/SMF78619818,5,0.01
681,엠에프팜 | mikang,/Goods/Detail/SMF79565974,5,0.01
682,엠에프팜 | sun귤,/Goods/Detail/SMF14158451,5,0.01
683,엠에프팜 | umai_jeju,/Goods/Detail/SMF13606317,5,0.01
684,엠에프팜 | umai_jeju,/Goods/Detail/SMF78619818,5,0.01
685,엠에프팜 | umai_jeju,/Goods/Detail/SMF79565974,5,0.01
686,엠에프팜 | xelloss,/Goods/Detail/SMF14158451,5,0.01
687,엠에프팜 | xelloss,/Goods/Detail/SMF78619818,5,0.01
688,엠에프팜 | ♡정직한 모모 농수산♡,/Goods/Detail/SMF13606317,5,0.01
689,엠에프팜 | 가족건강 유기농농산물 직판,/Goods/Detail/SMF34633170,5,0.01
690,엠에프팜 | 감자네,/Goods/Detail/SMF79565974,5,0.01
691,엠에프팜 | 곡간,/Goods/Detail/SMF79565974,5,0.01
692,엠에프팜 | 과일요정,/Goods/Detail/SMF34633170,5,0.01
693,엠에프팜 | 과즙상띠로리,/Goods/Detail/SMF79565974,5,0.01
694,엠에프팜 | 규규네,/Goods/Detail/SMF34633170,5,0.01
695,엠에프팜 | 규규네,/Goods/Detail/SMF78619818,5,0.01
696,엠에프팜 | 귤담은집,/Goods/Detail/SMF34633170,5,0.01
697,엠에프팜 | 귤로하,/Goods/Detail/SMF78619818,5,0.01
698,엠에프팜 | 귤마당,/Goods/Detail/SMF26601701,5,0.01
699,엠에프팜 | 귤마당,/Goods/Detail/SMF78619818,5,0.01
700,엠에프팜 | 귤빛하루,/Goods/Detail/SMF78619818,5,0.01
701,엠에프팜 | 귤하르방,/Goods/Detail/SMF37504939,5,0.01
702,엠에프팜 | 그린앤굿,/Goods/Detail/SMF13166336,5,0.01
703,엠에프팜 | 금주에 농장,/Goods/Detail/SMF34633170,5,0.01
704,엠에프팜 | 김반장하이킹,/Goods/Detail/SMF78619818,5,0.01
705,엠에프팜 | 까진며느리,/Goods/Detail/SMF26601701,5,0.01
706,엠에프팜 | 까진며느리,/Goods/Detail/SMF78619818,5,0.01
707,엠에프팜 | 농가직송담다,/Goods/Detail/SMF13606317,5,0.01
708,엠에프팜 | 다디달다,/Goods/Detail/SMF79565974,5,0.01
709,엠에프팜 | 달곰농장,/Goods/Detail/SMF52998967,5,0.01
710,엠에프팜 | 달보름상회,/Goods/Detail/SMF78619818,5,0.01
711,엠에프팜 | 달콤 제주 귤내음,/Goods/Detail/SMF78619818,5,0.01
712,엠에프팜 | 담다,/Goods/Detail/SMF78619818,5,0.01
713,엠에프팜 | 도담,/Goods/Detail/SMF34633170,5,0.01
714,엠에프팜 | 도도담다,/Goods/Detail/SMF35431331,5,0.01
715,엠에프팜 | 도도담다,/Goods/Detail/SMF79565974,5,0.01
716,엠에프팜 | 둥이네 싱싱농장,/Goods/Detail/SMF26601701,5,0.01
717,엠에프팜 | 로로푸드,/Goods/Detail/SMF14158451,5,0.01
718,엠에프팜 | 루나애플,/Goods/Detail/SMF26601701,5,0.01
719,엠에프팜 | 마고할머니 과일가게,/Goods/Detail/SMF78619818,5,0.01
720,엠에프팜 | 모든제주과일,/Goods/Detail/SMF14158451,5,0.01
721,엠에프팜 | 모든제주과일,/Goods/Detail/SMF78619818,5,0.01
722,엠에프팜 | 미가,/Goods/Detail/SMF13606317,5,0.01
723,엠에프팜 | 민우네집 과일,/Goods/Detail/SMF26601701,5,0.01
724,엠에프팜 | 백호농장,/Goods/Detail/SMF13606317,5,0.01
725,엠에프팜 | 상점보답,/Goods/Detail/SMF34633170,5,0.01
726,엠에프팜 | 섬담,/Goods/Detail/SMF26601701,5,0.01
727,엠에프팜 | 송매니저 단독 공동구매로 제철과일 겟!!,/goods/detail/SMF78619818,5,0.01
728,엠에프팜 | 숭귤탱귤,/Goods/Detail/SMF79565974,5,0.01
729,엠에프팜 | 승제스토어,/Goods/Detail/SMF34633170,5,0.01
730,엠에프팜 | 신선농산,/Goods/Detail/SMF14158451,5,0.01
731,엠에프팜 | 써니농장,/Goods/Detail/SMF56651816,5,0.01
732,엠에프팜 | 아론,/Goods/Detail/SMF26601701,5,0.01
733,엠에프팜 | 아름다운 습관,/Goods/Detail/SMF34633170,5,0.01
734,엠에프팜 | 애정이네,/Goods/Detail/SMF79565974,5,0.01
735,엠에프팜 | 영찬 팜유,/Goods/Detail/SMF79565974,5,0.01
736,엠에프팜 | 오렌지브리즈,/Goods/Detail/SMF14158451,5,0.01
737,엠에프팜 | 온빛지,/Goods/Detail/SMF13606317,5,0.01
738,엠에프팜 | 우남매네 햇살농장,/Goods/Detail/SMF34633170,5,0.01
739,엠에프팜 | 우남매네 햇살농장,/Goods/Detail/SMF79565974,5,0.01
740,엠에프팜 | 윤이네,/Goods/Detail/SMF13166336,5,0.01
741,엠에프팜 | 제주 과일 이야기,/Goods/Detail/SMF26601701,5,0.01
742,엠에프팜 | 제주감귤 대구총판,/Goods/Detail/SMF34633170,5,0.01
743,엠에프팜 | 제주과원,/Goods/Detail/SMF26601701,5,0.01
744,엠에프팜 | 제주농산물직거래장터,/Goods/Detail/SMF13606317,5,0.01
745,엠에프팜 | 제주농산물직거래장터,/Goods/Detail/SMF79565974,5,0.01
746,엠에프팜 | 제주담다,/Goods/Detail/SMF78619818,5,0.01
747,엠에프팜 | 제주의여름,/Goods/Detail/SMF26601701,5,0.01
748,엠에프팜 | 제주조아,/Goods/Detail/SMF34633170,5,0.01
749,엠에프팜 | 제주천사,/Goods/Detail/SMF13606317,5,0.01
750,엠에프팜 | 제주탐라마켓,/Goods/Detail/SMF13166336,5,0.01
751,엠에프팜 | 제주하나,/Goods/Detail/SMF35431331,5,0.01
752,엠에프팜 | 제주향,/Goods/Detail/SMF26601701,5,0.01
753,엠에프팜 | 제주향,/Goods/Detail/SMF78619818,5,0.01
754,엠에프팜 | 제주향,/Goods/Detail/SMF79565974,5,0.01
755,엠에프팜 | 짱이네,/Goods/Detail/SMF14158451,5,0.01
756,엠에프팜 | 짱이네,/Goods/Detail/SMF34633170,5,0.01
757,엠에프팜 | 착한테즈,/Goods/Detail/SMF14158451,5,0.01
758,엠에프팜 | 착한테즈,/Goods/Detail/SMF78619818,5,0.01
759,엠에프팜 | 초당도 달오름,/Goods/Detail/SMF26601701,5,0.01
760,엠에프팜 | 콩콩팥팥,/Goods/Detail/SMF26601701,5,0.01
761,엠에프팜 | 콩콩팥팥,/Goods/Detail/SMF78619818,5,0.01
762,엠에프팜 | 탐라농산,/Goods/Detail/SMF13166336,5,0.01
763,엠에프팜 | 태태네 달콤상회,/Goods/Detail/SMF14158451,5,0.01
764,엠에프팜 | 태태네 달콤상회,/Goods/Detail/SMF79565974,5,0.01
765,엠에프팜 | 하나가치,/Goods/Detail/SMF13606317,5,0.01
766,엠에프팜 | 하나네,/Goods/Detail/SMF29718566,5,0.01
767,엠에프팜 | 해아림농장,/goods/detail/SMF14158451,5,0.01
768,엠에프팜 | 향이머무는집,/Goods/Detail/SMF34633170,5,0.01
769,엠에프팜 | 혁이네농장,/Goods/Detail/SMF14158451,5,0.01
770,엠에프팜 | 화창한*귤,/Goods/Detail/SMF78619818,5,0.01
771,엠에프팜 | 희락마켓,/Goods/Detail/SMF13606317,5,0.01
772,엠에프팜 | DJX,/Goods/Detail/SMF14158451,4,0.01
773,엠에프팜 | Jeju Tangy,/Goods/Detail/SMF26601701,4,0.01
774,엠에프팜 | KIM매니저,/Goods/Detail/SMF26601701,4,0.01
775,엠에프팜 | KIM매니저,/Goods/Detail/SMF35431331,4,0.01
776,엠에프팜 | KIM매니저,/Goods/Detail/SMF37504939,4,0.01
777,엠에프팜 | THE FRESH 365,/Goods/Detail/SMF14158451,4,0.01
778,엠에프팜 | bluemun,/Goods/Detail/SMF34633170,4,0.01
779,엠에프팜 | jordan,/Goods/Detail/SMF26601701,4,0.01
780,엠에프팜 | mdjtod,/Goods/Detail/SMF78619818,4,0.01
781,엠에프팜 | mikang,/Goods/Detail/SMF56651816,4,0.01
782,엠에프팜 | sun귤,/Goods/Detail/SMF34633170,4,0.01
783,엠에프팜 | suy,/Goods/Detail/SMF13606317,4,0.01
784,엠에프팜 | umai_jeju,/Goods/Detail/SMF14158451,4,0.01
785,엠에프팜 | xelloss,/Goods/Detail/SMF35431331,4,0.01
786,엠에프팜 | yem9015,/Goods/Detail/SMF78619818,4,0.01
787,엠에프팜 | 감귤천국,/Goods/Detail/SMF34633170,4,0.01
788,엠에프팜 | 곡간,/Goods/Detail/SMF26601701,4,0.01
789,엠에프팜 | 과일바구니,/Goods/Detail/SMF13606317,4,0.01
790,엠에프팜 | 귤귤마켓,/Goods/Detail/SMF79565974,4,0.01
791,엠에프팜 | 귤귤이,/Goods/Detail/SMF34633170,4,0.01
792,엠에프팜 | 귤로하,/Goods/Detail/SMF14158451,4,0.01
793,엠에프팜 | 귤빛제주,/Goods/Detail/SMF13606317,4,0.01
794,엠에프팜 | 귤빛하루,/Goods/Detail/SMF14158451,4,0.01
795,엠에프팜 | 귤빛하루,/Goods/Detail/SMF26601701,4,0.01
796,엠에프팜 | 귤빛하루,/Goods/Detail/SMF34633170,4,0.01
797,엠에프팜 | 귤하르방,/Goods/Detail/SMF26601701,4,0.01
798,엠에프팜 | 귤하르방,/Goods/Detail/SMF79565974,4,0.01
799,엠에프팜 | 그린로드,/Goods/Detail/SMF13606317,4,0.01
800,엠에프팜 | 까진며느리,/Goods/Detail/SMF37504939,4,0.01
801,엠에프팜 | 나린이네농원,/Goods/Detail/SMF14158451,4,0.01
802,엠에프팜 | 나린이네농원,/Goods/Detail/SMF26601701,4,0.01
803,엠에프팜 | 네둥이네,/Goods/Detail/SMF13606317,4,0.01
804,엠에프팜 | 넹바리팡팡,/Goods/Detail/SMF13606317,4,0.01
805,엠에프팜 | 넹바리팡팡,/Goods/Detail/SMF14158451,4,0.01
806,엠에프팜 | 농가직송담다,/Goods/Detail/SMF14158451,4,0.01
807,엠에프팜 | 농가직송담다,/Goods/Detail/SMF79565974,4,0.01
808,엠에프팜 | 능소원,/Goods/Detail/SMF14158451,4,0.01
809,엠에프팜 | 능소원,/Goods/Detail/SMF78619818,4,0.01
810,엠에프팜 | 다솜이네,/Goods/Detail/SMF13606317,4,0.01
811,엠에프팜 | 다원다은 제주귤상회,/Goods/Detail/SMF79565974,4,0.01
812,엠에프팜 | 다팜,/Goods/Detail/SMF56651816,4,0.01
813,엠에프팜 | 달콤 귤상점,/Goods/Detail/SMF78619818,4,0.01
814,엠에프팜 | 달콤과일,/Goods/Detail/SMF34633170,4,0.01
815,엠에프팜 | 달콤달콤,/Goods/Detail/SMF14158451,4,0.01
816,엠에프팜 | 달콤달콤,/Goods/Detail/SMF78619818,4,0.01
817,엠에프팜 | 도담,/Goods/Detail/SMF26601701,4,0.01
818,엠에프팜 | 도담,/Goods/Detail/SMF37504939,4,0.01
819,엠에프팜 | 도담프룻,/Goods/Detail/SMF79565974,4,0.01
820,엠에프팜 | 도도담다,/Goods/Detail/SMF13606317,4,0.01
821,엠에프팜 | 돌담 청과일,/Goods/Detail/SMF26601701,4,0.01
822,엠에프팜 | 돌코롬제주상회,/Goods/Detail/SMF26601701,4,0.01
823,엠에프팜 | 둥이네 싱싱농장,/Goods/Detail/SMF78619818,4,0.01
824,엠에프팜 | 모든제주과일,/Goods/Detail/SMF26601701,4,0.01
825,엠에프팜 | 민수산,/Goods/Detail/SMF26601701,4,0.01
826,엠에프팜 | 민수산,/Goods/Detail/SMF79565974,4,0.01
827,엠에프팜 | 바다위농장,/Goods/Detail/SMF13606317,4,0.01
828,엠에프팜 | 바다위농장,/Goods/Detail/SMF26601701,4,0.01
829,엠에프팜 | 바른밭마켓,/Goods/Detail/SMF34633170,4,0.01
830,엠에프팜 | 바른밭마켓,/Goods/Detail/SMF35431331,4,0.01
831,엠에프팜 | 바른산지직송,/Goods/Detail/SMF26601701,4,0.01
832,엠에프팜 | 범이넷,/Goods/Detail/SMF78619818,4,0.01
833,엠에프팜 | 봉현 스토어,/Goods/Detail/SMF26601701,4,0.01
834,엠에프팜 | 비비 셀렉트,/Goods/Detail/SMF34633170,4,0.01
835,엠에프팜 | 비비드,/Goods/Detail/SMF14158451,4,0.01
836,엠에프팜 | 비비드,/goods/detail/smf35431331,4,0.01
837,엠에프팜 | 사계절 곳간,/Goods/Detail/SMF34633170,4,0.01
838,엠에프팜 | 산지의 눈,/Goods/Detail/SMF79565974,4,0.01
839,엠에프팜 | 삼부자농장,/Goods/Detail/SMF34633170,4,0.01
840,엠에프팜 | 삼부자농장,/Goods/Detail/SMF79565974,4,0.01
841,엠에프팜 | 세딸상회,/Goods/Detail/SMF26601701,4,0.01
842,엠에프팜 | 소소,/Goods/Detail/SMF26601701,4,0.01
843,엠에프팜 | 소소,/Goods/Detail/SMF37504939,4,0.01
844,엠에프팜 | 숭귤탱귤,/Goods/Detail/SMF13606317,4,0.01
845,엠에프팜 | 싱싱제주,/Goods/Detail/SMF34633170,4,0.01
846,엠에프팜 | 아론,/Goods/Detail/SMF79565974,4,0.01
847,엠에프팜 | 아름다운 습관,/Goods/Detail/SMF78619818,4,0.01
848,엠에프팜 | 아침엔과일,/Goods/Detail/SMF34633170,4,0.01
849,엠에프팜 | 양씨네 움,/Goods/Detail/SMF13606317,4,0.01
850,엠에프팜 | 양씨네 움,/Goods/Detail/SMF79565974,4,0.01
851,엠에프팜 | 오늘과일(ONEUL FRUIT),/Goods/Detail/SMF13606317,4,0.01
852,엠에프팜 | 우리농산몰,/Goods/Detail/SMF34633170,4,0.01
853,엠에프팜 | 우운이네가게,/Goods/Detail/SMF78619818,4,0.01
854,엠에프팜 | 유리와니네,/Goods/Detail/SMF26601701,4,0.01
855,엠에프팜 | 은아스토어,/Goods/Detail/SMF37504939,4,0.01
856,엠에프팜 | 장횐은아톰,/Goods/Detail/SMF78619818,4,0.01
857,엠에프팜 | 제주 가족 농장,/Goods/Detail/SMF13606317,4,0.01
858,엠에프팜 | 제주 가족 농장,/Goods/Detail/SMF34633170,4,0.01
859,엠에프팜 | 제주 과일 이야기,/Goods/Detail/SMF13606317,4,0.01
860,엠에프팜 | 제주구미,/Goods/Detail/SMF14158451,4,0.01
861,엠에프팜 | 제주구미,/Goods/Detail/SMF26601701,4,0.01
862,엠에프팜 | 제주귤냥냥,/Goods/Detail/SMF35431331,4,0.01
863,엠에프팜 | 제주귤마켓,/Goods/Detail/SMF34633170,4,0.01
864,엠에프팜 | 제주농부이야기,/Goods/Detail/SMF10721403,4,0.01
865,엠에프팜 | 제주농산물직거래장터,/Goods/Detail/SMF14158451,4,0.01
866,엠에프팜 | 제주대콩,/Goods/Detail/SMF26601701,4,0.01
867,엠에프팜 | 제주대콩,/Goods/Detail/SMF34633170,4,0.01
868,엠에프팜 | 제주만나,/Goods/Detail/SMF34633170,4,0.01
869,엠에프팜 | 제주만나,/Goods/Detail/SMF78619818,4,0.01
870,"엠에프팜 | 제주의 하루, 귤 한 입",/Goods/Detail/SMF26601701,4,0.01
871,엠에프팜 | 제주조아,/Goods/Detail/SMF14158451,4,0.01
872,엠에프팜 | 제주탐구,/Goods/Detail/SMF26601701,4,0.01
873,엠에프팜 | 제주탐구,/Goods/Detail/SMF34633170,4,0.01
874,엠에프팜 | 제주탐구,/Goods/Detail/SMF78619818,4,0.01
875,엠에프팜 | 제주탐라마켓,/Goods/Detail/SMF37504939,4,0.01
876,엠에프팜 | 제주파랑,/Goods/Detail/SMF87846210,4,0.01
877,엠에프팜 | 제주향,/Goods/Detail/SMF13606317,4,0.01
878,엠에프팜 | 제주향,/Goods/Detail/SMF14158451,4,0.01
879,엠에프팜 | 제철농가,/Goods/Detail/SMF14158451,4,0.01
880,엠에프팜 | 제철직송몰,/Goods/Detail/SMF78619818,4,0.01
881,엠에프팜 | 지금제주에서,/Goods/Detail/SMF14158451,4,0.01
882,엠에프팜 | 진스마켓,/Goods/Detail/SMF14158451,4,0.01
883,엠에프팜 | 짱이네,/Goods/Detail/SMF78619818,4,0.01
884,엠에프팜 | 창꼬,/Goods/Detail/SMF14158451,4,0.01
885,엠에프팜 | 초당도 달오름,/Goods/Detail/SMF34633170,4,0.01
886,엠에프팜 | 콩콩팥팥,/Goods/Detail/SMF13606317,4,0.01
887,엠에프팜 | 타이벡,/Goods/List,4,0.01
888,엠에프팜 | 탐라농산,/Goods/Detail/SMF78619818,4,0.01
889,엠에프팜 | 포슬포슬,/Goods/Detail/SMF78619818,4,0.01
890,엠에프팜 | 포크레인,/Goods/Detail/SMF14158451,4,0.01
891,엠에프팜 | 하루과,/Goods/Detail/SMF14158451,4,0.01
892,엠에프팜 | 한 낮의 농장,/Goods/Detail/SMF35431331,4,0.01
893,엠에프팜 | 한율,/Goods/Detail/SMF79565974,4,0.01
894,엠에프팜 | 해든시골농장(haedeun farm),/Goods/Detail/SMF13606317,4,0.01
895,엠에프팜 | 햇살담은 제주,/Goods/Detail/SMF37504939,4,0.01
896,엠에프팜 | 햇살맑음농장,/Goods/Detail/SMF26601701,4,0.01
897,엠에프팜 | 햇살시장,/Goods/Detail/SMF35431331,4,0.01
898,엠에프팜 | 혜씨네,/Goods/Detail/SMF34633170,4,0.01
899,엠에프팜 | 혜씨네,/Goods/Detail/SMF37504939,4,0.01
900,엠에프팜 | 혜씨네,/Goods/Detail/SMF79565974,4,0.01
901,엠에프팜 | 후니네 농산물,/Goods/Detail/SMF14158451,4,0.01
902,엠에프팜 | 후추네,/Goods/Detail/SMF34633170,4,0.01
903,엠에프팜 | 희쿠르트 플러스,/Goods/Detail/SMF26601701,4,0.01
904,엠에프팜 | 희쿠르트 플러스,/Goods/Detail/SMF34633170,4,0.01
905,초고당도 타이벡 감귤 2025년 첫수확,/Goods/Detail/SMF28555734,4,0.01
906,[1+1이벤트]초고당도 타이벡 감귤 2025년 첫수확,/Goods/Detail/SMF14158451,3,0.0
908,"경남 제철 부유단감 3kg, 5kg",/Goods/Detail/SMF45712223,3,0.0
909,실속만점 가정용 하우스 한라봉 레드향,/Goods/Detail/SMF34633170,3,0.0
910,엠에프팜 | 01030040315,/goods/detail/SMF34633170,3,0.0
911,엠에프팜 | Cheol,/Goods/Detail/SMF78619818,3,0.0
912,엠에프팜 | DJX,/Goods/Detail/SMF26601701,3,0.0
913,엠에프팜 | Fresh 마켓,/Goods/Detail/SMF78619818,3,0.0
914,엠에프팜 | Happy_Tangerine,/Goods/Detail/SMF13606317,3,0.0
915,엠에프팜 | Jeju Sweets,/Goods/Detail/SMF78619818,3,0.0
916,엠에프팜 | Jeju Tangy,/Goods/Detail/SMF34633170,3,0.0
917,엠에프팜 | Jeju Tangy,/Goods/Detail/SMF79565974,3,0.0
918,엠에프팜 | KIM매니저,/Goods/Detail/SMF13166336,3,0.0
919,엠에프팜 | PurutPurut,/Goods/Detail/SMF26601701,3,0.0
920,엠에프팜 | PurutPurut,/Goods/Detail/SMF34633170,3,0.0
921,엠에프팜 | PurutPurut,/Goods/Detail/SMF78619818,3,0.0
922,엠에프팜 | [제주삼춘],/Goods/Detail/SMF35431331,3,0.0
923,엠에프팜 | bluemun,/Goods/Detail/SMF26601701,3,0.0
924,엠에프팜 | bluemun,/Goods/Detail/SMF37504939,3,0.0
925,엠에프팜 | guggfam,/Goods/Detail/SMF14158451,3,0.0
926,엠에프팜 | guggfam,/Goods/Detail/SMF78619818,3,0.0
927,엠에프팜 | guggfam,/Goods/Detail/SMF79565974,3,0.0
928,엠에프팜 | jejumandarin,/Goods/Detail/SMF78619818,3,0.0
929,엠에프팜 | mdjtod,/Goods/Detail/SMF34633170,3,0.0
930,엠에프팜 | mfff,/goods/detail/SMF14158451,3,0.0
931,엠에프팜 | mikang,/Goods/Detail/SMF13606317,3,0.0
932,엠에프팜 | mikang,/Goods/Detail/SMF26601701,3,0.0
933,엠에프팜 | nana_shop,/Goods/Detail/SMF14158451,3,0.0
934,엠에프팜 | sun귤,/Goods/Detail/SMF13606317,3,0.0
935,엠에프팜 | sun귤,/Goods/Detail/SMF79565974,3,0.0
936,엠에프팜 | umai_jeju,/Goods/Detail/SMF34633170,3,0.0
937,엠에프팜 | yem9015,/Goods/Detail/SMF79565974,3,0.0
938,엠에프팜 | yununae,/Goods/Detail/SMF26601701,3,0.0
939,엠에프팜 | 가을농장,/Goods/Detail/SMF26601701,3,0.0
940,엠에프팜 | 가족건강 유기농농산물 직판,/Goods/Detail/SMF26601701,3,0.0
941,엠에프팜 | 감귤천국,/Goods/Detail/SMF79565974,3,0.0
942,엠에프팜 | 감자네,/Goods/Detail/SMF13166336,3,0.0
943,엠에프팜 | 감자네,/Goods/Detail/SMF13606317,3,0.0
944,엠에프팜 | 감자네,/Goods/Detail/SMF14158451,3,0.0
945,엠에프팜 | 감자네,/Goods/Detail/SMF26601701,3,0.0
946,엠에프팜 | 감자네,/Goods/Detail/SMF34633170,3,0.0
947,엠에프팜 | 걍쮸,/goods/detail/SMF14158451,3,0.0
948,엠에프팜 | 건강365일,/goods/detail/SMF78619818,3,0.0
949,엠에프팜 | 경민이과일가게,/Goods/Detail/SMF14158451,3,0.0
950,엠에프팜 | 고른상점,/Goods/Detail/SMF43939661,3,0.0
951,엠에프팜 | 곡간,/Goods/Detail/SMF13606317,3,0.0
952,엠에프팜 | 과일농장,/Goods/Detail/SMF26601701,3,0.0
953,엠에프팜 | 규규네,/Goods/Detail/SMF13606317,3,0.0
954,엠에프팜 | 귤 마켓,/Goods/Detail/SMF13606317,3,0.0
955,엠에프팜 | 귤 마켓,/Goods/Detail/SMF79565974,3,0.0
956,엠에프팜 | 귤담은집,/Goods/Detail/SMF78619818,3,0.0
957,엠에프팜 | 귤로하,/goods/detail/SMF78619818,3,0.0
958,엠에프팜 | 귤마당,/Goods/Detail/SMF13606317,3,0.0
959,엠에프팜 | 귤마당,/Goods/Detail/SMF79565974,3,0.0
960,엠에프팜 | 귤하르방,/Goods/Detail/SMF34633170,3,0.0
961,엠에프팜 | 귤하르방,/Goods/Detail/SMF78619818,3,0.0
962,엠에프팜 | 귤향가득,/Goods/Detail/SMF35431331,3,0.0
963,엠에프팜 | 그린로드,/Goods/Detail/SMF37504939,3,0.0
964,엠에프팜 | 까진며느리,/Goods/Detail/SMF13606317,3,0.0
965,엠에프팜 | 남매농장,/Goods/Detail/SMF78619818,3,0.0
966,엠에프팜 | 냠냠과일,/Goods/Detail/SMF26601701,3,0.0
967,엠에프팜 | 냠냠과일,/Goods/Detail/SMF78619818,3,0.0
968,엠에프팜 | 늘인가게,/Goods/Detail/SMF79565974,3,0.0
969,엠에프팜 | 능소원,/Goods/Detail/SMF26601701,3,0.0
970,엠에프팜 | 다둥이네,/Goods/Detail/SMF56651816,3,0.0
971,엠에프팜 | 다디달다,/Goods/Detail/SMF26601701,3,0.0
972,엠에프팜 | 다원다은 제주귤상회,/Goods/Detail/SMF13606317,3,0.0
973,엠에프팜 | 다팜,/Goods/Detail/SMF13166336,3,0.0
974,엠에프팜 | 다팜,/Goods/Detail/SMF78619818,3,0.0
975,엠에프팜 | 달달꼬니네,/goods/detail/SMF34633170,3,0.0
976,엠에프팜 | 달콤과일,/Goods/Detail/SMF78619818,3,0.0
977,엠에프팜 | 달콤달콤,/Goods/Detail/SMF79565974,3,0.0
978,엠에프팜 | 담다,/Goods/Detail/SMF37504939,3,0.0
979,엠에프팜 | 도담프룻,/Goods/Detail/SMF13606317,3,0.0
980,엠에프팜 | 도담프룻,/Goods/Detail/SMF34633170,3,0.0
981,엠에프팜 | 돌담밭,/Goods/Detail/SMF79565974,3,0.0
982,엠에프팜 | 든든곳간,/goods/detail/SMF14158451,3,0.0
983,엠에프팜 | 럭시팜,/Goods/Detail/SMF37504939,3,0.0
984,엠에프팜 | 로로푸드,/Goods/Detail/SMF79565974,3,0.0
985,엠에프팜 | 루나애플,/Goods/Detail/SMF56651816,3,0.0
986,엠에프팜 | 모든제주과일,/Goods/Detail/SMF13606317,3,0.0
987,엠에프팜 | 미가,/Goods/Detail/SMF79565974,3,0.0
988,엠에프팜 | 민우네집 과일,/Goods/Detail/SMF79565974,3,0.0
989,"엠에프팜 | 밀키트,간편식",/Goods/List,3,0.0
990,엠에프팜 | 바른농산물,/Goods/Detail/SMF78619818,3,0.0
991,엠에프팜 | 바른산지직송,/Goods/Detail/SMF13166336,3,0.0
992,엠에프팜 | 바른산지직송,/Goods/Detail/SMF34633170,3,0.0
993,엠에프팜 | 배송지관리,/Mypage/My_delivery,3,0.0
994,엠에프팜 | 백호농장,/Goods/Detail/SMF78619818,3,0.0
995,엠에프팜 | 보단이네,/Goods/Detail/SMF13166336,3,0.0
996,엠에프팜 | 보단이네,/Goods/Detail/SMF34633170,3,0.0
997,엠에프팜 | 보단이네,/Goods/Detail/SMF78619818,3,0.0
998,엠에프팜 | 보물넷,/Goods/Detail/SMF13166336,3,0.0
999,엠에프팜 | 봉현 스토어,/Goods/Detail/SMF14158451,3,0.0
1000,엠에프팜 | 비니네,/goods/detail/SMF14158451,3,0.0
